puzzle_id,book_move,book_delta_cp,llm_move,llm_delta_cp,llm_correct,llm_legal,llm_explanation
livshitz_1988_p005_01,d1c2,-108,c3c4,379.0,False,True,"White plays c4, advancing the pawn closer to promotion.
Explanation:
- White has a king on d1 and a pawn on c3.
- Black's king is on f8, far from the pawn.
- White's goal is to promote the pawn to a queen.
- By pushing c4, White starts marching the pawn up the board.
- Black's king is too far to stop the pawn from advancing.
- White's king can support the pawn if needed.
- Black has no immediate threats or counterplay.
- After c4, White will continue pushing the pawn (c5, c6, c7, c8=Q).
- Black cannot catch the pawn or prevent promotion.
- White will win easily by promoting the pawn.
No better move exists; advancing the pawn is the winning plan."
livshitz_1988_p005_02,c6d5,-182,c6c7,303.0,False,True,"White plays c7, pushing the pawn closer to promotion.
Step-by-step reasoning:
1. White's king on c6 supports the pawn on c7, which is one step away from queening.
2. Black's king on e2 is too far to stop the pawn from promoting.
3. Black's only potential counterplay is to move the king closer or push the h-pawn, but neither can prevent promotion in time.
4. After c7, White will promote on the next move (c8=Q), gaining a decisive material advantage.
Possible Black responses:
- Black king moves (e.g., Ke3 or Kd3) trying to approach the pawn, but it is too slow.
- Black pushes h5 or h6, but this does not affect the promotion threat.
Therefore, c6c7 is the winning move."
livshitz_1988_p005_03,g8f7,-2,g8h7,673.0,False,True,"White moves the king from g8 to h7, approaching Black's pawn on a6. The goal is to capture the pawn and prevent Black from promoting it. Black's king is too far to support the pawn effectively, and White's king is well-placed to stop the pawn's advance.
Possible Black responses:
- Black king moves closer, e.g., Ke7 or Kd6, but White can continue to approach and capture the pawn.
- Black tries to push the pawn, but White's king will capture it before promotion.
This move ensures White will eventually win the pawn and convert the position into a winning king and pawn endgame."
livshitz_1988_p005_04,h2h4,-4,g1h2,,False,False,"White plays Kh2.
Explanation:
- White's king is on g1, Black's king on e6, and Black has a pawn on a6.
- White's pawn is on h2, ready to advance.
- Black's pawn on a6 is far from promotion and White's king is closer to the center and can try to approach Black's pawn.
- White to move should start by moving the king closer to the Black pawn to stop it from advancing.
- Moving Kh2 prepares to bring the king around via h2-g3-f4 to approach the Black pawn.
- Black's best response is to try to advance the a-pawn (a5), but White's king will be able to catch it.
- If Black tries to move the king closer to support the pawn, White can mirror and eventually capture or block the pawn.
- White's plan is to use the king to stop the pawn and then push the h-pawn to promotion.
This move is the first step in White's winning strategy."
livshitz_1988_p005_05,b4b3,-5,b2b3,414.0,False,True,"White plays 1. b3 to prevent Black's king from advancing further and to maintain control over the critical squares.
Explanation step-by-step:
1. White's king is on b4, Black's king on d4, and Black has a pawn on f7.
2. Black's king is trying to advance or support the pawn, but White's king is well placed to block.
3. White pushes the pawn from b2 to b3, controlling the c4 square and preventing Black's king from infiltrating via c3 or c4.
4. If Black tries to advance the pawn with 1... f5, White can keep the king close and eventually capture or blockade.
5. If Black tries to move the king, White's king can mirror and maintain opposition, ensuring Black cannot make progress.
6. White's plan is to use the king and pawn to create a fortress or eventually promote the pawn.
Thus, 1. b3 is the best move to hold the position and aim for a draw or better."
livshitz_1988_p005_06,c7d6,-57,b7b8q,,False,False,"White promotes the pawn on b7 to a queen with b7b8q+. This move puts Black's king in check.
Step-by-step reasoning:
1. White's pawn on b7 is one step away from promotion.
2. Promoting to a queen is the strongest option, giving White a decisive material advantage.
3. After b7b8q+, Black's king on a2 is in check and must move.
4. Black's king has only one legal move: Ka3.
5. White can then use the new queen and the king to quickly checkmate or win significant material.
Possible opponent responses:
- Ka3: Black moves the king to a3 to escape check.
- After Ka3, White can continue with moves like Qb1# (queen to b1 checkmate) or use the queen and king to deliver checkmate soon.
Thus, the best move is to promote the pawn immediately with b7b8q.
UCI move: b7b8q"
