puzzle_id,book_move,book_delta_cp,llm_move_brief,llm_delta_cp_brief,llm_correct_brief,llm_legal_brief,llm_explanation_brief,llm_move_calc,llm_delta_cp_calc,llm_correct_calc,llm_legal_calc,llm_explanation_calc,llm_move_teaching,llm_delta_cp_teaching,llm_correct_teaching,llm_legal_teaching,llm_explanation_teaching
livshitz_1988_p005_01,d1c2,-108,d1c2,-108,True,True,"Moving the king to c2 centralizes it and supports the advancement of the c-pawn, which is crucial in this simplified endgame. This move also keeps the king close to the pawn, helping to escort it towards promotion while maintaining control over key squares.",c3c4,379.0,False,True,"White plays c4, advancing the pawn closer to promotion.
Explanation:
- White has a king on d1 and a pawn on c3.
- Black's king is on f8, far from the pawn.
- White's goal is to promote the pawn to a queen.
- By pushing c4, White starts marching the pawn up the board.
- Black's king is too far to stop the pawn from advancing.
- White's king can support the pawn if needed.
- Black has no immediate threats or counterplay.
- After c4, White will continue pushing the pawn (c5, c6, c7, c8=Q).
- Black cannot catch the pawn or prevent promotion.
- White will win easily by promoting the pawn.
No better move exists; advancing the pawn is the winning plan.",,,,,"d1-c2

In this position, the best move is to bring your king closer to the pawn to help it advance safely. Moving the king from d1 to c2 is a good step because it moves your king closer to the pawn on c3. The idea is to support the pawn as it moves forward, eventually trying to promote it to a queen. The black king is far away on f8, so you have time to help your pawn. Always remember, in endgames like this, the king is very important for protecting your pawns and helping them reach the other side of the board."
livshitz_1988_p005_02,c6d5,-182,c6c7,147,False,True,"The best move is to advance the white king from c6 to c7. This move supports the promotion of the c-pawn on the next move. Black's king on e2 is too far to stop the pawn, and the white king is effectively blocking the black king from approaching the pawn. White will promote the pawn to a queen on the next move, securing a winning advantage.",c6c7,303.0,False,True,"White plays c7, pushing the pawn closer to promotion.
Step-by-step reasoning:
1. White's king on c6 supports the pawn on c7, which is one step away from queening.
2. Black's king on e2 is too far to stop the pawn from promoting.
3. Black's only potential counterplay is to move the king closer or push the h-pawn, but neither can prevent promotion in time.
4. After c7, White will promote on the next move (c8=Q), gaining a decisive material advantage.
Possible Black responses:
- Black king moves (e.g., Ke3 or Kd3) trying to approach the pawn, but it is too slow.
- Black pushes h5 or h6, but this does not affect the promotion threat.
Therefore, c6c7 is the winning move.",c6c7,177.0,False,True,"In this position, your white king is very close to promoting a pawn. The key idea is to move your pawn from c6 to c7. This is important because the pawn is just one step away from becoming a queen, which is the most powerful piece in chess.
By moving c6 to c7, you threaten to promote the pawn on your next move. The black king on e2 is too far away to stop the pawn from promoting, and the black pawn on h7 is not a threat right now. Your king on c6 supports the pawn, so black cannot capture it easily.
The key squares here are c7 (where your pawn will move) and c8 (where it will promote). Once your pawn reaches c8 and becomes a queen, you will have a big advantage and should be able to win the game."
livshitz_1988_p005_03,g8f7,-2,e2e4,684,False,True,"White should play e4 to start advancing the pawn towards promotion. The black king is too far to stop the pawn, and White's king is well placed to support the pawn's advance. This move initiates a winning plan for White.",g8h7,673.0,False,True,"White moves the king from g8 to h7, approaching Black's pawn on a6. The goal is to capture the pawn and prevent Black from promoting it. Black's king is too far to support the pawn effectively, and White's king is well-placed to stop the pawn's advance.
Possible Black responses:
- Black king moves closer, e.g., Ke7 or Kd6, but White can continue to approach and capture the pawn.
- Black tries to push the pawn, but White's king will capture it before promotion.
This move ensures White will eventually win the pawn and convert the position into a winning king and pawn endgame.",e2e4,658.0,False,True,"In this position, you have a pawn on e2 that can move forward to e4. This is the best move because it helps you control the center of the board, which is very important in chess. Controlling the center gives your king more space to move and can limit your opponent's king activity. Also, by pushing the pawn forward, you prepare to advance it further and possibly promote it to a queen later, which can help you win the game. The black king is far away on d7 and cannot stop your pawn easily, so pushing e4 is a strong and simple plan."
livshitz_1988_p005_04,h2h4,-4,h2h4,0,True,True,"White should push the pawn to h4 to start advancing it towards promotion. Black's king is too far to stop the pawn, and White's king is well placed to support the pawn's advance. This move initiates a winning plan for White.",g1h2,,False,False,"White plays Kh2.
Explanation:
- White's king is on g1, Black's king on e6, and Black has a pawn on a6.
- White's pawn is on h2, ready to advance.
- Black's pawn on a6 is far from promotion and White's king is closer to the center and can try to approach Black's pawn.
- White to move should start by moving the king closer to the Black pawn to stop it from advancing.
- Moving Kh2 prepares to bring the king around via h2-g3-f4 to approach the Black pawn.
- Black's best response is to try to advance the a-pawn (a5), but White's king will be able to catch it.
- If Black tries to move the king closer to support the pawn, White can mirror and eventually capture or block the pawn.
- White's plan is to use the king to stop the pawn and then push the h-pawn to promotion.
This move is the first step in White's winning strategy.",h2h3,495.0,False,True,"In this position, you are White and it's your turn to move. The best move is to play **h2h3**.
Here's why:
- Your pawn on h2 is ready to move forward, and pushing it to h3 helps you create space for your king.
- The Black king is on e6, and the Black pawn is on a6, far away from your side of the board.
- By moving your pawn to h3, you prevent the Black king from coming closer to your king and pawns on the kingside.
- This move also prepares your king to move safely around the back rank (like moving to h2 or g2 later), helping you protect your pawns and eventually try to promote one.
- In endgames like this, controlling key squares and keeping your king safe is very important.
So, **h2h3** is a simple, safe move that helps you keep control and improve your position step by step."
livshitz_1988_p005_05,b4b3,-5,b2b3,386,False,True,"White should play b3 to prevent Black's king from advancing further into White's territory. This move also prepares to support the b-pawn's advance and restricts Black's king movement, aiming to create a passed pawn or gain a winning endgame advantage.",b2b3,414.0,False,True,"White plays 1. b3 to prevent Black's king from advancing further and to maintain control over the critical squares.
Explanation step-by-step:
1. White's king is on b4, Black's king on d4, and Black has a pawn on f7.
2. Black's king is trying to advance or support the pawn, but White's king is well placed to block.
3. White pushes the pawn from b2 to b3, controlling the c4 square and preventing Black's king from infiltrating via c3 or c4.
4. If Black tries to advance the pawn with 1... f5, White can keep the king close and eventually capture or blockade.
5. If Black tries to move the king, White's king can mirror and maintain opposition, ensuring Black cannot make progress.
6. White's plan is to use the king and pawn to create a fortress or eventually promote the pawn.
Thus, 1. b3 is the best move to hold the position and aim for a draw or better.",b2b3,368.0,False,True,"In this position, you want to stop the black king from getting closer to your pawns and taking them. The black king is on d4, and your king is on b4. Your pawn on b2 is important because it can help you control the c3 and a3 squares, which are key squares to keep the black king away.
By moving your pawn from b2 to b3, you create a barrier that the black king cannot easily cross. This move helps protect your king and pawns, and it gives you a better chance to keep your pawns safe and eventually promote one to a queen.
Remember, in endgames like this, controlling key squares and stopping the opponent's king from invading your position is very important!"
livshitz_1988_p005_06,c7d6,-57,f2f3,302,False,True,"White should play f3 to prevent Black's king from approaching the white king and pawns. This move helps White maintain control and prepares to advance the pawn safely, increasing the chances of promoting it.",b7b8q,,False,False,"White promotes the pawn on b7 to a queen with b7b8q+. This move puts Black's king in check.
Step-by-step reasoning:
1. White's pawn on b7 is one step away from promotion.
2. Promoting to a queen is the strongest option, giving White a decisive material advantage.
3. After b7b8q+, Black's king on a2 is in check and must move.
4. Black's king has only one legal move: Ka3.
5. White can then use the new queen and the king to quickly checkmate or win significant material.
Possible opponent responses:
- Ka3: Black moves the king to a3 to escape check.
- After Ka3, White can continue with moves like Qb1# (queen to b1 checkmate) or use the queen and king to deliver checkmate soon.
Thus, the best move is to promote the pawn immediately with b7b8q.
UCI move: b7b8q",f2f3,362.0,False,True,"In this position, you are White and it's your turn to move. Your king is on c7, and Black's king is on a2. You also have a pawn on f2, and Black has a pawn on b7.
The best move here is to push your pawn forward from f2 to f3. Why? Because your goal is to promote your pawn to a queen, which is the most powerful piece. But first, you need to make sure your pawn is safe and can move forward.
By playing f3, you protect your pawn and prepare to push it further. Your king on c7 is already close to the Black pawn on b7, which means you can try to capture it soon. If you can take that pawn, you will have a clear path to promote your own pawn.
Also, Black's king is far away on a2, so it will take time for Black to stop your pawn. By moving f3, you keep control and improve your chances to win.
So, the move f2f3 helps you protect your pawn and get ready to promote it, which is the main idea in this endgame."
